"","ID","Name","Source","Location","On water body","year","NTAXA class","ASPT class","NTAXA confidence","ASPT confidence"
"1",3300,"Grange Burn/Westquarter Burn","Calculated",320,"Y",2013,"High","Good","Medium","Medium"
"2",3101,"River Avon (Jawhills to Logie Water confluence)","Calculated",335,"Y",2013,"High","High","Medium","Medium"
"3",3109,"Drumtassie Burn","Calculated",345,"Y",2016,"High","High","High","High"
"4",3103,"Mains Burn","Calculated",350,"Y",2013,"High","Good","High","Medium"
"5",3005,"Gogar Burn (Source to Union Canal)","Calculated",409,"Y",2018,"High","Good","High","Medium"
"6",3008,"Brox Burn (Ryal Burn Confluence to R Almond)","Calculated",449,"Y",2014,"High","Moderate","High","High"
"7",3003,"River Almond (Source to Foulshiels Burn confluence)","Calculated",456,"Y",2017,"High","Moderate","High","High"
"8",3002,"River Almond (Foulshiels Burn to Breich Water confluences)","Calculated",457,"Y",2017,"High","Moderate","High","High"
"9",3001,"River Almond (Breich Water confluence to Maitland Bridge)","Calculated",462,"Y",2015,"High","Good","High","High"
"10",3031,"How Burn","Calculated",471,"Y",2017,"High","Good","High","High"
"11",3027,"Foulshiels Burn/Bickerton Burn","Calculated",474,"Y",2017,"High","Good","High","High"
"12",3022,"Darmead Linn","Calculated",502,"Y",2017,"High","Good","High","High"
"13",4330,"Tower Burn","Calculated",529,"Y",2016,"High","Poor","High","Medium"
"14",3802,"River South Esk (Redside Burn to Gore Water confluences)","Calculated",582,"Y",2015,"High","High","High","High"
"15",4005,"Gifford Water","Calculated",666,"Y",2014,"High","High","High","High"
"16",3106,"Logie Water/Barbauchlaw Burn","Calculated",853,"Y",2018,"High","Good","High","High"
"17",3107,"Boghead Burn/Bog Burn/Couston Water","Calculated",1312,"Y",2018,"High","Moderate","High","High"
"18",6301,"River Leven (Loch Leven to Markinch)","Calculated",1389,"Y",2018,"High","Good","High","High"
"19",6303,"Kennoway Burn/Back Burn","Calculated",1412,"Y",2018,"High","Good","High","High"
"20",6305,"River Ore (Loch Ore to Cardenden)","Calculated",1416,"Y",2018,"High","Good","High","Medium"
"21",6307,"Lochfitty Burn","Calculated",1423,"Y",2016,"High","Good","High","High"
"22",6310,"Den Burn","Calculated",1426,"Y",2018,"High","Moderate","High","High"
"23",6312,"Lochty Burn","Calculated",1435,"Y",2018,"Good","Poor","Medium","High"
"24",6302,"South Queich River","Calculated",1445,"Y",2017,"High","High","High","High"
"25",6882,"Tiel Burn","Calculated",1466,"Y",2017,"High","Good","High","High"
"26",4313,"Dour Burn","Calculated",1470,"Y",2018,"High","Good","High","High"
"27",4308,"Keithing Burn (Craiganet Burn to Estuary)","Calculated",1479,"Y",2018,"High","Good","High","High"
"28",6907,"Lyne Burn","Calculated",1488,"Y",2018,"High","Moderate","High","High"
"29",4301,"Bluther Burn (Source to Gibsley Farm)","Calculated",1499,"Y",2016,"High","High","High","High"
"30",4300,"Bluther Burn (Gibsley Farm to Estuary)","Calculated",1505,"Y",2018,"High","Good","High","High"
"31",4302,"Grange Burn","Calculated",1508,"Y",2018,"High","High","High","High"
"32",4403,"Black Devon (Source to Birkhill Plantation)","Calculated",1512,"Y",2016,"High","High","High","High"
"33",4402,"Black Devon (Birkhill Plantation to Forth Estuary)","Calculated",1515,"Y",2016,"High","Good","High","High"
"34",4406,"Foulbutts Burn","Calculated",1517,"Y",2016,"High","High","High","High"
"35",4406,"Foulbutts Burn","Calculated",1518,"Y",2015,"High","Good","High","High"
"36",4500,"River Devon (Gairney Burn confluence to Estuary)","Calculated",1540,"Y",2018,"High","Good","High","High"
"37",6834,"River Teith","Calculated",1574,"Y",2016,"High","High","High","High"
"38",6835,"Eas Gobhain","Calculated",1576,"Y",2017,"High","Good","High","High"
"39",4704,"River Forth (Milton to Auchentroig Burn confluence)","Calculated",1582,"Y",2016,"High","Good","High","High"
"40",4702,"River Forth (Arnprior Burn to Goodie Water confluences)","Calculated",1584,"Y",2013,"Moderate","High","Medium","Medium"
"41",4726,"Goodie Water","Calculated",1592,"Y",2016,"High","High","High","High"
"42",3205,"Pow Burn from Bridge-end to Forth Estuary","Calculated",1604,"Y",2017,"High","Good","High","High"
"43",4200,"River Carron (Bonny Water confluence to Carron Estuary)","Calculated",1615,"Y",2016,"High","Good","High","High"
"44",4205,"Bonny Water/Red Burn","Calculated",1621,"Y",2013,NA,"Poor",NA,"High"
"45",4205,"Bonny Water/Red Burn","Calculated",1626,"Y",2018,"High","Good","High","High"
"46",4205,"Bonny Water/Red Burn","Calculated",1635,"Y",2017,NA,"Good",NA,"High"
"47",6304,"River Ore (Cardenden to River Leven)","Calculated",2083,"Y",2015,"High","Moderate","High","High"
"48",4501,"River Devon (Source to Gairney Burn confluence)","Calculated",2202,"Y",2016,"High","Good","High","High"
"49",4201,"River Carron (Avon Burn to Bonny Water Confluences)","Calculated",2239,"Y",2013,"High","High","Medium","Medium"
"50",3016,"Bog Burn","Calculated",2255,"Y",2017,"High","High","High","High"
"51",3015,"Murieston Water","Calculated",2258,"Y",2016,"High","High","High","High"
"52",3009,"Brox Burn (by Wester Tartraven to Ryal Burn Confluence)","Calculated",2585,"Y",2018,"High","Good","High","High"
"53",4203,"River Carron (Source to Carron Valley Reservoir)","Calculated",2650,"Y",2016,"High","High","High","High"
"54",3701,"Murray Burn","Calculated",2760,"Y",2016,"High","Moderate","High","Medium"
"55",4730,"Ballochneck/Mye Burn","Calculated",2991,"Y",2016,"High","High","High","High"
"56",3702,"Water of Leith (Poet's Burn to Murray Burn confluences)","Calculated",3214,"Y",2018,"High","Good","High","High"
"57",3500,"Braid Burn (Upstream Dreghorn Barracks to Portobello)","Calculated",3215,"Y",2013,"High","Moderate","Medium","Medium"
"58",3106,"Logie Water/Barbauchlaw Burn","Calculated",3225,"Y",2013,"Good","Moderate","High","High"
"59",4202,"River Carron (Carron Valley Reservoir to Avon Burn Confluence)","Calculated",3226,"Y",2016,"High","High","High","High"
"60",4733,"Duchray Water","Calculated",3231,"Y",2013,"Moderate","High","Medium","High"
"61",6308,"Meldrums Mill Burn/Linn Burn","Calculated",3250,"Y",2017,"High","Good","High","High"
"62",4001,"River Tyne (Source to Birns Water confluence)","Calculated",3263,"Y",2016,"Good","Good","Medium","High"
"63",3202,"Sauchenford Burn (Plean sewage works to Pow Burn)","Calculated",3307,"Y",2017,"High","Good","High","High"
"64",4322,"Balmonth Burn","Calculated",3318,"Y",2018,"High","Poor","High","Medium"
"65",3021,"Breich Water/Darmead Linn","Calculated",3350,"Y",2017,"High","Good","High","High"
"66",4321,"Dreel Burn","Calculated",3395,"Y",2013,"Moderate","Poor","Medium","Medium"
"67",4326,"St. Monans Burn/Inverie Burn","Calculated",3402,"Y",2017,"Good","Moderate","Medium","High"
"68",6840,"Hatton Burn/Keil Burn","Calculated",3409,"Y",2017,"High","Good","High","High"
"69",6300,"River Leven (Markinch to Estuary)","Calculated",3415,"Y",2018,"High","Good","High","High"
"70",6316,"Greens Burn","Calculated",3418,"Y",2017,"High","Good","High","High"
"71",4501,"River Devon (Source to Gairney Burn confluence)","Calculated",3436,"Y",2013,"High",NA,"High",NA
"72",4737,"River Balvag","Calculated",3451,"Y",2018,"High","Good","High","Medium"
"73",4720,"Calair Burn","Calculated",3453,"Y",2017,"High","High","High","High"
"74",4731,"Auchentroig Burn","Calculated",3472,"Y",2018,"High","High","High","High"
"75",4728,"Boquhan Burn","Calculated",3476,"Y",2016,"High","High","High","High"
"76",3206,"Pow Burn / Tor Burn from source to confluence with Sauchinford Burn","Calculated",3487,"Y",2018,"High","Good","High","Medium"
"77",4206,"Glencryan Burn","Calculated",3490,"Y",2017,"High","High","High","High"
"78",3107,"Boghead Burn/Bog Burn/Couston Water","Calculated",3513,"Y",2013,"Poor","Bad","Medium","High"
"79",6883,"Dronachy Burn","Calculated",3514,"Y",2018,"High","High","High","Medium"
"80",6311,"Den Burn/Lochgelly Burn","Calculated",3570,"Y",2013,"Moderate","Moderate","Medium","Medium"
"81",6320,"North Queich River","Calculated",3574,"Y",2016,"High","High","High","High"
"82",6832,"Allan Water d/s of Dunblane","Calculated",3609,"Y",2016,"High","High","High","High"
"83",4734,"Drunkie Burn (Loch Drunkie sluice to Loch Venachar)","Calculated",3613,"Y",2016,"High","Good","High","High"
"84",6833,"Allan Water (Greenloaning to Dunblane)","Calculated",3616,"Y",2014,"High","High","High","High"
"85",4701,"River Forth (Goodie Water to River Teith Confluences)","Calculated",3663,"Y",2013,"Good","Good","High","High"
"86",6830,"Bannock Burn (Sauchie Burn confluence to Steuarthall Farm)","Calculated",3703,"Y",2017,"High","Good","High","High"
"87",3100,"River Avon (Logie Water confluence to Estuary)","Calculated",3798,"Y",2013,"Good",NA,"Medium",NA
"88",3100,"River Avon (Logie Water confluence to Estuary)","Calculated",3806,"Y",2016,"High","Good","High","High"
"89",4008,"Birns Water/Humbie Water","Calculated",3853,"Y",2018,"High","High","High","High"
"90",3000,"River Almond (Maitland Bridge to Cramond)","Calculated",3944,"Y",2018,"High","Moderate","High","High"
"91",6306,"Kelty Burn","Calculated",3948,"Y",2017,"High","Good","High","Medium"
"92",3007,"Niddry Burn","Calculated",4019,"Y",2016,"High","Good","High","High"
"93",3014,"Linhouse water/Camilty Burn/ Green Burn","Calculated",4063,"Y",2016,"High","High","High","High"
"94",3018,"Killandean Burn/Harwood Water","Calculated",4090,"Y",2017,"High","Good","High","High"
"95",3020,"Lochshot Burn","Calculated",4103,"Y",2018,"High","Moderate","High","High"
"96",3600,"Burdiehouse Burn/Swanston Burn","Calculated",4148,"Y",2014,"High","Moderate","High","High"
"97",3700,"Water of Leith (Murray Burn confluence to Estuary)","Calculated",4170,"Y",2018,"High","Good","High","High"
"98",3703,"Water of Leith (Harperrig Reservoir to Poet's Burn confluence)","Calculated",4180,"Y",2013,"High","Good","High","High"
"99",3800,"River Esk","Calculated",4244,"Y",2016,"High","High","Medium","High"
"100",3807,"River North Esk (Glencorse Burn confluence to Elginhaugh)","Calculated",4257,"Y",2014,"High","High","High","Medium"
"101",3808,"River North Esk (Penicuik House to Glencorse Burn confluence)","Calculated",4276,"Y",2015,"High","Good","High","High"
"102",3809,"River North Esk (Source to Penicuik House)","Calculated",4287,"Y",2016,"High","High","High","High"
"103",3813,"Bilston/Boghall Burn","Calculated",4305,"Y",2017,"High","Good","High","Medium"
"104",3816,"Lead Burn","Calculated",4336,"Y",2016,"High","High","High","High"
"105",3801,"River South Esk (Gore Water to N Esk confluences)","Calculated",4359,"Y",2017,"High","Good","High","High"
"106",3818,"Dalhousie Burn/Shiel Burn","Calculated",4367,"Y",2016,"Good","Good","Medium","High"
"107",3819,"Gore Water/Middleton South Burn","Calculated",4376,"Y",2016,"High","Good","High","High"
"108",3821,"Fullarton Water","Calculated",4395,"Y",2018,"High","High","High","High"
"109",3910,"East Peffer","Calculated",4401,"Y",2013,"Good","Moderate","Medium","Medium"
"110",3911,"Pilmuir Burn","Calculated",4407,"Y",2017,"High","Good","High","High"
"111",3912,"West Peffer/Mill Burn","Calculated",4411,"Y",2014,"Poor","Moderate","Medium","High"
"112",4000,"River Tyne (Birns Water confluence to Estuary)","Calculated",4429,"Y",2016,"High","Good","High","High"
"113",4009,"Kinchie Burn","Calculated",4489,"Y",2016,"High","High","High","High"
"114",3907,"Sauchet Water","Calculated",4540,"Y",2016,"High","High","High","High"
"115",3806,"River North Esk (Elginhaugh to confluence with South Esk)","Calculated",4613,"Y",2017,"Good","Good","Medium","Medium"
"116",4700,"River Forth (below R. Teith confluence)","Calculated",4638,"Y",2016,"High","Good","High","Medium"
"117",4505,"Gairney Burn/Pow Burn","Calculated",5390,"Y",2013,"High","High","High","High"
"118",3102,"River Avon (Source to Jawhills)","Calculated",5564,"Y",2015,"High","Good","High","High"
"119",3004,"Gogar Burn (Union Canal to River Almond)","Calculated",5565,"Y",2015,"High","Moderate","High","High"
"120",4503,"Dollar Burn (Burn of Sorrow)","Calculated",5610,"Y",2013,"High","High","High","High"
"121",4710,"Achray Water","Calculated",5839,"Y",2013,"High","High","Medium","Medium"
"122",3904,"Biel Water","Calculated",5982,"Y",2017,"High","Good","High","High"
"123",4715,"Lower Keltie Water","Calculated",6363,"Y",2013,"High","High","Medium","Medium"
"124",3106,"Logie Water/Barbauchlaw Burn","Calculated",6978,"Y",2008,"High",NA,"High",NA
"125",3400,"Pardovan Burn (d/s Bridgend to estuary)","Calculated",7112,"Y",2017,"High","Moderate","High","Medium"
"126",5701,"River North Esk ( Water of Effock to Cruick Water Confluences)","Calculated",7641,"Y",2015,"High","High","High","High"
"127",5700,"River North Esk (Confluence with Cruick Water to Estuary)","Calculated",7651,"Y",2016,"High","High","High","High"
"128",5705,"Luther Water ( Dowrie Burn to North Esk Confluences)","Calculated",7672,"Y",2016,"High","High","Medium","High"
"129",5707,"Dowrie Burn (through Fettercairn) to the confluence with Luther W.","Calculated",7679,"Y",2016,"High","High","High","High"
"130",5708,"Devilly Burn","Calculated",7690,"Y",2017,"High","High","High","High"
"131",5711,"Black Burn","Calculated",7705,"Y",2017,"High","Good","High","Medium"
"132",5712,"Cruick Water","Calculated",7718,"Y",2017,"High","High","High","High"
"133",5713,"West Water (Paphrie Burn to North Esk Confluences)","Calculated",7733,"Y",2013,"High","High","Medium","Medium"
"134",5800,"River South Esk (White Water to White Burn Confluences)","Calculated",7740,"Y",2013,"High","High","Medium","Medium"
"135",5799,"River South Esk (White Burn Confluence to Estuary)","Calculated",7742,"Y",2017,"High",NA,"High",NA
"136",5799,"River South Esk (White Burn Confluence to Estuary)","Calculated",7762,"Y",2017,NA,"High",NA,"High"
"137",5806,"Lemno Burn","Calculated",7797,"Y",2018,"High","Good","High","High"
"138",5809,"Prosen Water (Burn of Lednathie to South Esk Confluences)","Calculated",7814,"Y",2017,"High","High","High","High"
"139",5900,"Lunan Water (Friockheim to Estuary)","Calculated",7844,"Y",2017,"High","High","High","High"
"140",5903,"Gighty Burn","Calculated",7849,"Y",2017,"High","Good","High","High"
"141",5904,"Vinny Water","Calculated",7865,"Y",2017,"High","Good","High","High"
"142",5602,"Raesmill Burn","Calculated",7871,"Y",2018,"High","Moderate","High","High"
"143",5950,"Elliot Water/Rottenraw Burn","Calculated",7906,"Y",2015,"High","Good","High","High"
"144",5952,"Monikie Burn","Calculated",7925,"Y",2018,"High","Moderate","High","High"
"145",5953,"Barry Burn","Calculated",7935,"Y",2018,"High","Good","High","Medium"
"146",5954,"Buddon Burn","Calculated",7957,"Y",2018,"High","Moderate","High","High"
"147",6001,"Dighty Water","Calculated",7983,"Y",2018,"High","Good","High","High"
"148",6000,"Dighty Water (lower)","Calculated",7989,"Y",2018,"High","Good","High","High"
"149",6003,"Murroes Burn (upper section)","Calculated",7994,"Y",2013,"Good","Moderate","Medium","Medium"
"150",6004,"Fithie Burn","Calculated",8018,"Y",2016,"High","Good","High","High"
"151",6405,"Invergowrie Burn","Calculated",8041,"Y",2013,"Good","Moderate","Medium","Medium"
"152",6404,"Knapp/Huntly Burn","Calculated",8047,"Y",2016,"High","High","High","High"
"153",6402,"Grange Pow","Calculated",8062,"Y",2018,"Good","Moderate","Medium","High"
"154",6107,"Kinness Burn","Calculated",8119,"Y",2017,"Good","Poor","Medium","High"
"155",6110,"Cameron Burn (Source to confluence with Kinaldy Burn)","Calculated",8125,"Y",2017,"High","Moderate","High","High"
"156",6108,"Kenly Water (Confluence with Kinaldy Burn to Estuary)","Calculated",8130,"Y",2017,"High","Moderate","High","High"
"157",6109,"Kinaldy Burn u/s confluence with Kenly Water","Calculated",8134,"Y",2014,"Moderate","Moderate","Medium","High"
"158",6201,"River Eden (Source to confluence with Rossie Drain)","Calculated",8155,"Y",2017,"High","Good","High","Medium"
"159",6200,"River Eden (Confluence with Rossie Drain to Estuary)","Calculated",8158,"Y",2014,NA,"Moderate",NA,"High"
"160",6200,"River Eden (Confluence with Rossie Drain to Estuary)","Calculated",8175,"Y",2018,"Good","Moderate","Medium","High"
"161",6102,"Motray Water","Calculated",8192,"Y",2018,"High","Moderate","Medium","High"
"162",6101,"Moonzie Burn","Calculated",8200,"Y",2017,"Poor","Moderate","Medium","High"
"163",6204,"Craighall Burn","Calculated",8219,"Y",2016,"Good","Good","Medium","High"
"164",6205,"Foodieash Burn","Calculated",8221,"Y",2018,"Moderate","Moderate","Medium","Medium"
"165",6206,"Fernie Burn","Calculated",8237,"Y",2017,"High","High","High","Medium"
"166",6209,"Kettle Burn","Calculated",8243,"Y",2018,"High","Moderate","High","High"
"167",6212,"Glassart Burn/Barroway Burn","Calculated",8260,"Y",2016,"High","High","High","High"
"168",6502,"River Dochart (Confluence Auchlyne West Burn to Loch Tay)","Calculated",8277,"Y",2017,"High","Good","High","Medium"
"169",6501,"River Tay (Loch Tay to R Lyon Confluence)","Calculated",8295,"Y",2018,"High","Good","High","High"
"170",6500,"River Tay (R Lyon to R Tummel Confluences)","Calculated",8301,"Y",2016,"High","High","High","Medium"
"171",6499,"River Tay (R Tummel to R Isla Confluences)","Calculated",8310,"Y",2016,"High","High","High","High"
"172",6413,"Annaty Burn","Calculated",8353,"Y",2017,"High","Good","High","High"
"173",6906,"Cambusmichael Burn","Calculated",8393,"Y",2017,"High","Good","High","High"
"174",6576,"River Braan","Calculated",8405,"Y",2016,"High","High","High","High"
"175",6921,"River Lochay (Allt Dhuin Croisg Confluence to Lochay Power Station)","Calculated",8435,"Y",2018,"High","Good","High","High"
"176",6508,"R Almond (Source to Fendoch Burn Confluence)","Calculated",8443,"Y",2014,"High","High","High","High"
"177",6506,"River Almond (R East Pow to R Tay Confluences)","Calculated",8455,"Y",2016,"High","High","High","High"
"178",6510,"East Pow (d/s of Methven to R Almond Confluence)","Calculated",8465,"Y",2015,"High","Good","High","High"
"179",6523,"River Isla (Glencally Burn to Dean Water Confluences)","Calculated",8475,"Y",2016,"High","High","High","High"
"180",6523,"River Isla (Glencally Burn to Dean Water Confluences)","Calculated",8480,"Y",2009,NA,"High",NA,"High"
"181",6521,"River Isla (R Ericht to R Tay Confluences)","Calculated",8485,"Y",2016,"High","High","High","High"
"182",6526,"Burrelton Burn","Calculated",8500,"Y",2018,"High","Good","High","High"
"183",6525,"Coupar Burn/Kinochtry","Calculated",8504,"Y",2013,"Good",NA,"Medium",NA
"184",6533,"Leddown Burn/Lunan Burn (to Loch of Craiglush)","Calculated",8507,"Y",2016,"High","Good","High","High"
"185",6846,"Lunan Burn (Loch of Lowes to Loch of Clunie)","Calculated",8512,"Y",2018,"High","High","High","High"
"186",6555,"Dean Water (Kerbet Water to R Isla Confluences)","Calculated",8538,"Y",2017,"High","Good","High","Medium"
"187",6555,"Dean Water (Kerbet Water to R Isla Confluences)","Calculated",8540,"Y",2018,"High","Good","High","High"
"188",6557,"Meigle Burn","Calculated",8549,"Y",2016,"High","Moderate","High","High"
"189",6559,"Commerton Burn","Calculated",8558,"Y",2013,"High","Good","Medium","Medium"
"190",6561,"Glamis Burn","Calculated",8574,"Y",2014,"High","Good","High","High"
"191",6562,"Kerbet Water","Calculated",8588,"Y",2016,"High","Moderate","High","High"
"192",6563,"Gairie  Burn","Calculated",8598,"Y",2017,"High","Good","High","High"
"193",6565,"Alyth Burn","Calculated",8624,"Y",2016,"High","High","High","High"
"194",6535,"R Ericht","Calculated",8646,"Y",2013,"High","High","Medium","Medium"
"195",6535,"R Ericht","Calculated",8651,"Y",2016,"High","High","High","High"
"196",6540,"Black Water (Allt Mor to R Ericht Confluences)","Calculated",8657,"Y",2016,"High","High","High","High"
"197",6586,"River Tummel (Loch Rannoch to Dunalastair Water)","Calculated",8681,"Y",2018,"High","Good","High","High"
"198",6585,"River Tummel (Dunalastair Water to Loch Tummel)","Calculated",8683,"Y",2013,"High","Good","High","High"
"199",6828,"River Tummel (L Faskally to R Tay)","Calculated",8692,"Y",2016,"High","Good","High","Medium"
"200",6618,"Innerhadden Burn","Calculated",8712,"Y",2018,"High","High","High","High"
"201",6624,"River Ericht (Loch Ericht to Loch Rannoch)","Calculated",8718,"Y",2013,"High","High","High","Medium"
"202",6632,"Allt Eigheach","Calculated",8726,"Y",2016,"High","High","High","High"
"203",6598,"River Tilt","Calculated",8737,"Y",2015,"Good","High","Medium","High"
"204",6639,"River Lyon","Calculated",8750,"Y",2015,"High","High","High","High"
"205",6648,"Allt Conait","Calculated",8759,"Y",2013,"High","High","High","High"
"206",6839,"River Earn (Loch Earn to Water of Ruchill confluence)","Calculated",8796,"Y",2017,"High","High","High","High"
"207",6838,"River Earn (Water of Ruchill to Ruthven Water confluences)","Calculated",8801,"Y",2016,"High","High","High","High"
"208",6800,"River Earn","Calculated",8811,"Y",2016,"High","High","High","High"
"209",6701,"River Farg","Calculated",8832,"Y",2017,"High","High","High","High"
"210",6700,"Deich Burn","Calculated",8838,"Y",2017,"High","Moderate","High","High"
"211",6804,"Dunning Burn","Calculated",8850,"Y",2013,"High","High","Medium","Medium"
"212",6806,"Ruthven Water","Calculated",8871,"Y",2016,"High","High","High","High"
"213",6809,"Pow Water","Calculated",8888,"Y",2017,"High","Good","High","Medium"
"214",6810,"Drummond Burn","Calculated",8895,"Y",2013,"High","Good","Medium","Medium"
"215",6817,"Water of Ruchill","Calculated",8906,"Y",2014,"High","High","High","High"
"216",6802,"Kendrum Burn","Calculated",8910,"Y",2013,"High","High","Medium","Medium"
"217",6808,"Machanay Water","Calculated",9230,"Y",2016,"High","High","High","High"
"218",5010,"Eye Water (Ale Water Confluence to Eyemouth)","Calculated",9422,"Y",2018,"High","High","High","High"
"219",5011,"Eye Water (Source to Ale Water Confluence)","Calculated",9424,"Y",2018,"High","High","High","High"
"220",6844,"Whiteadder Water (Billie Burn confluence to tidal limit)","Calculated",9457,"Y",2016,"High","High","High","High"
"221",5101,"Whiteadder Water (Dye Water to Billie Burn confluences)","Calculated",9470,"Y",2018,"High","High","High","High"
"222",5105,"Blackadder Water (Howe Burn confluence to Whiteadder Water)","Calculated",9490,"Y",2016,"High","High","High","Medium"
"223",5106,"Blackadder Water (Manse Burn to Howe Burn confluences)","Calculated",9498,"Y",2013,"High","High","High","Medium"
"224",5112,"Manse Burn","Calculated",9511,"Y",2018,"High","Moderate","High","High"
"225",5200,"River Tweed (Coldstream to tidal limit)","Calculated",9514,"Y",2016,"High","High","High","High"
"226",5201,"River Tweed (St Boswells Burn confluence to Coldstream)","Calculated",9518,"Y",2014,"High","High","High","High"
"227",5202,"River Tweed (Ettrick Water to St Boswells Burn confluences)","Calculated",9540,"Y",2018,"High","High","High","High"
"228",5203,"River Tweed (Scotsmill to Ettrick Water confluence)","Calculated",9542,"Y",2017,"High","High","High","High"
"229",6885,"Bowmont Water","Calculated",9561,"Y",2017,"High","High","High","High"
"230",5264,"St. Boswells Burn","Calculated",9580,"Y",2017,"High","Moderate","High","High"
"231",5279,"Allan Water (Source to River Tweed)","Calculated",9583,"Y",2016,"High","High","High","High"
"232",5309,"Manor Water","Calculated",9593,"Y",2016,"High","High","High","High"
"233",5207,"Leet Water (Lambden Burn confluence to River Tweed)","Calculated",9599,"Y",2017,"High","High","High","High"
"234",5215,"Eden Water (Hume Burn confluence to River Tweed)","Calculated",9631,"Y",2016,"High","High","High","High"
"235",5216,"Eden Water (Source to Hume Burn confluence)","Calculated",9640,"Y",2010,"High","Moderate","High","High"
"236",5218,"Hareford Burn","Calculated",9649,"Y",2016,"High","Good","High","High"
"237",5266,"Leader Water/Kelphope Burn (Cleekhimin Burn confluence to River Tweed)","Calculated",9650,"Y",2015,"High","High","High","High"
"238",5268,"Turfford Burn","Calculated",9663,"Y",2017,"High","High","High","High"
"239",5280,"Gala Water (Armet Water confluence to River Tweed)","Calculated",9678,"Y",2016,"High","High","High","High"
"240",5286,"Heriot Water/Blackhope Water","Calculated",9708,"Y",2015,"High","High","High","High"
"241",5219,"Teviot Water (Kale Water confluence to River Tweed)","Calculated",9710,"Y",2016,"High","High","High","High"
"242",5220,"Teviot Water (Northhouse Burn to Kale Water confluences)","Calculated",9719,"Y",2017,"High","High","High","Medium"
"243",5222,"Kale Water","Calculated",9743,"Y",2017,"High","High","High","High"
"244",5228,"Oxnam Water (River Teviot to Newbigging Burn)","Calculated",9748,"Y",2017,"High","High","High","High"
"245",5236,"Ale Water (Woll Burn confluence to Teviot Water)","Calculated",9750,"Y",2016,"High","Good","High","Medium"
"246",5254,"Borthwick Water","Calculated",9782,"Y",2015,"High","High","High","High"
"247",5231,"Jed Water/Raven Burn (Kaim Burn confluence to Teviot Water)","Calculated",9786,"Y",2017,"High","High","High","High"
"248",5338,"Tima Water","Calculated",9818,"Y",2016,"High","High","High","High"
"249",5290,"Yarrow Water","Calculated",9821,"Y",2018,"High","High","High","High"
"250",5307,"Eddleston Water/Cuddy Burn","Calculated",9836,"Y",2016,"High","Good","High","High"
"251",5311,"Lyne Water (Tarth Water confluence to River Tweed)","Calculated",9847,"Y",2016,"High","High","High","High"
"252",5312,"Lyne Water (Source to Tarth Water confluence)","Calculated",9853,"Y",2015,"High","High","High","High"
"253",5314,"Tarth Water","Calculated",9858,"Y",2018,"High","Moderate","High","High"
"254",5325,"Biggar Water/Biggar Burn (Source to Broughton Burn confluence)","Calculated",9875,"Y",2016,"High","Good","High","High"
"255",5329,"Spittal Burn/Candy Burn","Calculated",9884,"Y",2017,"High","Good","High","Medium"
"256",5287,"Ettrick Water (Ramseycleuch to River Tweed)","Calculated",10116,"Y",2016,"High","High","High","High"
"257",6525,"Coupar Burn/Kinochtry","Calculated",10476,"Y",2018,"High","Good","High","High"
"258",6202,"Ceres Burn","Calculated",10480,"Y",2013,"Poor","Moderate","Medium","Medium"
"259",5720,"Water of Tarf","Calculated",10711,"Y",2016,"High","High","High","High"
"260",6573,"Burn of Kilry","Calculated",11030,"Y",2016,"High","High","High","High"
"261",6504,"R Fillan","Calculated",11077,"Y",2017,"High","High","High","Medium"
"262",6213,"Ballingall Burn/Falkland Burn","Calculated",11079,"Y",2017,"High","Good","High","High"
"263",6590,"River Ba","Calculated",11106,"Y",2018,"High","Good","High","High"
"264",6836,"River Garry (Errochty Water Confluence to L Faskally)","Calculated",11110,"Y",2015,"High","High","High","High"
"265",4319,"Cocklemill Burn/Den Burn (Saw Mill Bridge to Estuary)","Calculated",11113,"Y",2017,"Good","Good","Medium","Medium"
"266",4320,"Cocklemill Burn/Den Burn (Source to Saw Mill Bridge)","Calculated",11377,"Y",2017,"High","Moderate","High","High"
"267",6642,"Allt Odhar","Calculated",11751,"Y",2018,"High","High","High","High"
"268",6904,"St Martins Burn/Balgray Burn","Calculated",11758,"Y",2014,"High","Good","High","High"
"269",5109,"Howe Burn","Calculated",11927,"Y",2016,"High","High","High","High"
"270",5013,"Horn Burn","Calculated",14028,"Y",2018,"High","Good","High","High"
"271",5265,"Bowden Burn","Calculated",14052,"Y",2017,"High","Good","High","High"
"272",5404,"The Stank","Calculated",14055,"Y",2014,"High","Moderate","High","High"
"273",5011,"Eye Water (Source to Ale Water Confluence)","Calculated",14085,"Y",2013,"Moderate",NA,"Medium",NA
"274",5603,"Brothock Water","Calculated",14265,"Y",2018,"High","Moderate","High","High"
"275",5204,"River Tweed (Talla Water confluence to Scotsmill)","Calculated",14294,"Y",2015,"High","High","High","High"
"276",3014,"Linhouse water/Camilty Burn/ Green Burn","Calculated",14597,"Y",2013,"Good","High","High","High"
"277",5117,"Mill Burn","Calculated",16877,"Y",2015,"High","High","High","High"
"278",6911,"River Garry from Garry Intake to Errochty Water confluence","Calculated",16975,"Y",2016,"High","High","High","Medium"
"279",5263,"Maidenhall Burn","Calculated",17012,"Y",2013,"High","Good","Medium","Medium"
"280",6104,"Lead Burn Drain","Calculated",17117,"Y",2017,"High","Moderate","High","Medium"
"281",10431,"Glaisnock Water","Calculated",100690,"Y",2016,"High","Good","High","High"
"282",10277,"River Avich (d/s Loch Avich)","Calculated",102784,"Y",2018,"High","High","High","High"
"283",10226,"Douglas Water","Calculated",103406,"Y",2015,"High","High","High","High"
"284",10332,"Coladoir River","Calculated",103743,"Y",2013,NA,"Good",NA,"High"
"285",10366,"Corran River","Calculated",103788,"Y",2013,"Good","High","Medium","Medium"
"286",10370,"Lussa River (Isle of Jura)","Calculated",103789,"Y",2014,"High","High","High","High"
"287",10478,"Water of App","Calculated",114317,"Y",2013,"High","High","Medium","Medium"
"288",10562,"Water of Deugh (Carsphairn Lane to Water of Ken)","Calculated",114637,"Y",2017,"High","High","High","Medium"
"289",10545,"River Dee (Loch Ken Outlet to Tongland)","Calculated",114648,"(Empty)",2018,"High",NA,"High",NA
"290",10936,"Ladykirk Burn","Calculated",118688,"Y",2018,"High","Moderate","High","High"
"291",10637,"Lochar Water/Park Burn","Calculated",120321,"Y",2016,"High","Moderate","High","High"
"292",10094,"Douglas Water (u/s Parkhall Burn)","Calculated",121159,"Y",2013,"High","High","Medium","Medium"
"293",10750,"Tillan Burn","Calculated",121196,"Y",2009,"High","Good","High","High"
"294",10067,"Shirrel Burn/Thankerton Burn/Legbranock Burn","Calculated",121225,"Y",2013,"Bad","Poor","High","High"
"295",10929,"Board Burn","Calculated",121241,"Y",2017,"High","Good","High","High"
"296",10159,"Finlas Water","Calculated",121262,"Y",2017,"High","Good","High","Medium"
"297",10023,"Old Patrick Water","Calculated",121399,"Y",2016,"High","Moderate","High","High"
"298",10033,"Dargavel Burn","Calculated",121417,"Y",2016,"High","Good","High","High"
"299",10930,"Malls Mire Burn/Polmadie Burn/Cityford Burn","Calculated",121494,"Y",2018,"Bad","Poor","High","High"
"300",10930,"Malls Mire Burn/Polmadie Burn/Cityford Burn","Calculated",121495,"Y",2009,"Bad","Bad","High","High"
"301",10071,"Wellshaw/Earnock Burn","Calculated",121496,"Y",2011,"Moderate","Poor","Medium","High"
"302",10048,"Tollcross Burn","Calculated",121510,"Y",2017,"Good","Moderate","Medium","High"
"303",10391,"River Irvine (Cessnock conf to Tidal Weir)","Calculated",121572,"Y",2016,"High","Good","High","High"
"304",10718,"Greenock Water","Calculated",121627,"Y",2013,"High","High","High","High"
"305",10744,"Chalmadale Water (Gleann Easan Biorach)","Calculated",121744,"Y",2018,"High","High","High","High"
"306",10181,"Glen Cloy Burn","Calculated",121749,"Y",2016,"High","High","High","High"
"307",10246,"Clachan Burn","Calculated",121790,"Y",2015,"High","Good","High","High"
"308",10266,"River Add/Abhainn Bheag an Tunns (u/s Kilmartin Burn)","Calculated",121825,"Y",2017,"High","Good","High","High"
"309",10116,"Glengonnar Water","Calculated",121986,"Y",2016,"High","High","High","High"
"310",10424,"Taiglum Burn","Calculated",122053,"Y",2018,"High","Moderate","High","High"
"311",10042,"River Clyde (Potrail Water  to Mouse Water)","Calculated",122463,"Y",2016,"High","Good","High","High"
"312",10919,"River Clyde (Mouse Water to Strathclyde Loch outflow)","Calculated",122469,"Y",2016,"High","High","High","High"
"313",10918,"River Clyde (Strathclyde Loch outflow to North Calder)","Calculated",122475,"Y",2016,"High","High","High","High"
"314",10040,"River Clyde (North Calder to Tidal Weir)","Calculated",122480,"Y",2018,"Good","Moderate","Medium","Medium"
"315",10112,"Duneaton Water (d/s Black Burn)","Calculated",122481,"Y",2018,"High","High","High","High"
"316",10101,"Medwin Water","Calculated",122482,"Y",2017,"High","High","High","High"
"317",10748,"Dippool Water","Calculated",122484,"Y",2018,"High","Good","High","High"
"318",10749,"Mouse Water (u/s Dippool Water)","Calculated",122487,"Y",2016,"High","Good","High","High"
"319",10084,"Mouse Water (Dippool Water to Clyde)","Calculated",122490,"Y",2016,"High","High","High","High"
"320",10080,"Nethan Water","Calculated",122496,"Y",2016,"High","High","High","High"
"321",10092,"Douglas Water (Poneil to Clyde)","Calculated",122500,"Y",2017,"Moderate","Moderate","Medium","High"
"322",10076,"Avon Water (Powmillon Burn to River Clyde)","Calculated",122518,"Y",2016,"High","High","High","High"
"323",10075,"Auchter Water","Calculated",122525,"Y",2017,"High","High","High","High"
"324",10074,"South Calder Water (u/s Auchter Water)","Calculated",122527,"Y",2017,"High","Good","Medium","Medium"
"325",10073,"South Calder Water (Auchter Water to Tillan Burn)","Calculated",122530,"Y",2016,"High","Good","High","High"
"326",10072,"South Calder Water (Tillan Burn to Strathclyde Park)","Calculated",122534,"Y",2018,"High","Good","High","High"
"327",10062,"North Calder Water (d/s Hillend Reservoir to Shotts Burn)","Calculated",122539,"Y",2018,"High","Good","High","High"
"328",10060,"North Calder Water (Luggie Burn to Clyde)","Calculated",122542,"Y",2018,"High","Moderate","High","High"
"329",10742,"Luggie Burn","Calculated",122545,"Y",2018,"High","Moderate","High","High"
"330",10052,"Rotten Calder Water","Calculated",122554,"Y",2017,"High","Good","High","Medium"
"331",10131,"River Kelvin (Kelvinhead to Glazert)","Calculated",122555,"Y",2018,"High","Moderate","High","High"
"332",10130,"River Kelvin (Glazert Water to Tidal Limit)","Calculated",122562,"Y",2017,"High","Good","High","High"
"333",10132,"Allander Water","Calculated",122568,"Y",2018,"High","Good","High","High"
"334",10751,"Luggie Water (u/s Mollins Burn)","Calculated",122575,"Y",2016,"High","Good","High","High"
"335",10135,"Luggie Water (Kelvin to Mollins Burn)","Calculated",122579,"Y",2016,"High","Good","High","High"
"336",10138,"Bothlin Burn (Garnkirk Burn to Luggie conf)","Calculated",122593,"Y",2018,"High","Good","High","High"
"337",10002,"Kittoch Water","Calculated",122599,"Y",2018,"High","Moderate","High","High"
"338",10001,"White Cart Water (above Kittoch conf)","Calculated",122605,"Y",2016,"High","Good","High","High"
"339",10000,"White Cart Water (Kittoch Water to A726 road bridge)","Calculated",122606,"Y",2013,"Good","Poor","Medium","High"
"340",10000,"White Cart Water (Kittoch Water to A726 road bridge)","Calculated",122609,"Y",2018,"High","Good","High","High"
"341",10011,"Earn Water","Calculated",122611,"Y",2013,"High","Good","Medium","Medium"
"342",10003,"Capelrig/Auldhouse Burn","Calculated",122614,"Y",2018,"High","Good","High","Medium"
"343",10007,"Levern Water","Calculated",122619,"Y",2016,"High","Good","High","Medium"
"344",10747,"Black Cart Water","Calculated",122623,"Y",2013,"High",NA,"High",NA
"345",10747,"Black Cart Water","Calculated",122625,"Y",2018,"High","Good","High","High"
"346",10029,"River Calder (u/s Castle Semple Loch)","Calculated",122630,"Y",2017,"High","Good","High","High"
"347",10031,"River Gryfe (Gryfe Reservoirs to Barochan Burn conf)","Calculated",122640,"Y",2016,"High","High","High","High"
"348",10030,"River Gryfe (d/s Barochan Burn)","Calculated",122641,"Y",2016,"High","Good","High","Medium"
"349",10035,"Locher Water","Calculated",122642,"Y",2013,"High","Good","Medium","Medium"
"350",10372,"Kip Water","Calculated",122652,"Y",2014,"High","Good","High","High"
"351",10153,"Endrick Water (u/s Blane Water)","Calculated",122666,"Y",2016,"High","High","High","High"
"352",10152,"Endrick Water (d/s Blane Water)","Calculated",122667,"Y",2016,"High","High","High","High"
"353",10156,"Blane Water/Ballagan Burn","Calculated",122673,"Y",2017,"Good","High","Medium","High"
"354",10150,"River Leven","Calculated",122675,"Y",2018,"High","Good","High","Medium"
"355",10706,"Duntocher Burn","Calculated",122676,"Y",2017,"High","Good","High","High"
"356",10165,"River Falloch (d/s Dubh Eas)","Calculated",122678,"Y",2017,"High","Good","High","High"
"357",10160,"Luss Water","Calculated",122680,"Y",2018,"High","Good","High","Medium"
"358",10375,"Noddsdale Water","Calculated",122681,"Y",2016,"High","High","High","High"
"359",10382,"River Garnock (u/s Powgree Burn)","Calculated",122682,"Y",2012,"High","High","High","High"
"360",10383,"Lugton Water","Calculated",122688,"Y",2018,"High","Good","High","High"
"361",10392,"River Irvine (Glen Burn to Cessnock conf)","Calculated",122690,"Y",2017,"High","High","High","High"
"362",10927,"Cessnock Water","Calculated",122701,"Y",2018,"High","Good","High","High"
"363",10400,"Craufurdland Water (Fenwick Water to Harshawmuir Water)","Calculated",122704,"Y",2017,"High","High","High","High"
"364",10399,"Kingswell Burn/Fenwick Water/Kilmarnock Water","Calculated",122705,"Y",2013,NA,"Moderate",NA,"High"
"365",10399,"Kingswell Burn/Fenwick Water/Kilmarnock Water","Calculated",122706,"Y",2018,"High","Good","High","High"
"366",10394,"Annick Water","Calculated",122714,"Y",2010,"High",NA,"High",NA
"367",10394,"Annick Water","Calculated",122716,"Y",2018,"High","Good","High","Medium"
"368",10180,"Glenrosa Water","Calculated",122721,"Y",2013,"High","High","Medium","Medium"
"369",10177,"North Glen Sannox","Calculated",122722,"Y",2011,"Good","High","Medium","High"
"370",10744,"Chalmadale Water (Gleann Easan Biorach)","Calculated",122723,"Y",2012,"Good",NA,"Medium",NA
"371",10326,"Abhainn Mor (Catacol Burn)","Calculated",122724,"Y",2012,"Good","High","Medium","High"
"372",10745,"Iorsa Water","Calculated",122725,"Y",2012,"High","High","High","High"
"373",10189,"Machrie Water","Calculated",122726,"Y",2016,"High","High","High","High"
"374",10746,"Pow Burn","Calculated",122736,"Y",2013,"Good","Poor","Medium","Medium"
"375",10421,"River Ayr (u/s Greenock Water)","Calculated",122740,"Y",2016,"High","High","High","High"
"376",10420,"River Ayr (d/s Greenock Water)","Calculated",122748,"Y",2018,"High","High","High","High"
"377",10430,"Lugar/Glenmuir Water","Calculated",122750,"Y",2017,"High","High","High","High"
"378",10427,"Lugar Water","Calculated",122753,"Y",2016,"High","High","High","High"
"379",10423,"Water of Coyle (u/s Taiglum Burn)","Calculated",122754,"Y",2016,"High","Good","High","High"
"380",10422,"Water of Coyle (d/s Taiglum Burn)","Calculated",122757,"Y",2017,"High","Good","High","Medium"
"381",10448,"Gala Lane","Calculated",122759,"Y",2011,"High","High","Medium","High"
"382",10439,"Carrick Lane","Calculated",122760,"Y",2012,"High","High","High","High"
"383",10446,"Garpel Burn","Calculated",122761,"Y",2012,"High","High","High","High"
"384",10924,"River Doon (d/s Muck Water)","Calculated",122766,"Y",2018,"High","High","High","High"
"385",10457,"Water of Girvan (u/s Loch Bradan)","Calculated",122767,"Y",2018,"High","High","High","High"
"386",10456,"Water of Girvan (d/s Loch Bradan to Palmullan Burn)","Calculated",122770,"Y",2017,"High","High","High","High"
"387",10455,"Water of Girvan (Lindsayston Burn to Palmullan Burn)","Calculated",122772,"Y",2013,"High","High","High","High"
"388",10461,"Barlewan Burn","Calculated",122778,"Y",2017,"High","Good","High","High"
"389",10467,"River Stinchar (u/s Water of Gregg)","Calculated",122779,"Y",2012,"High","High","High","High"
"390",10465,"River Stinchar (d/s Duisk River)","Calculated",122783,"Y",2017,"High","High","High","High"
"391",10469,"Duisk River (d/s Muck Water Confluence)","Calculated",122785,"Y",2018,"High","Good","High","High"
"392",10205,"River Eachaig","Calculated",122787,"Y",2016,"High","High","High","High"
"393",10202,"Little Eachaig River/Cruach Neuran Burn","Calculated",122790,"Y",2016,"High","High","High","Medium"
"394",10194,"River Ruel","Calculated",122793,"Y",2013,"High","High","High","High"
"395",10213,"River Goil/Allt Clinne Mhoir","Calculated",122795,"Y",2016,"Good","Moderate","Medium","Medium"
"396",10220,"River Shira (d/s Lochan Shira)","Calculated",122797,"Y",2016,"High","High","High","High"
"397",10265,"Kilmartin Burn/Allt Ath Mhic","Calculated",122802,"Y",2016,"High","High","High","High"
"398",10296,"River Euchar (d/s Loch Scammadale)","Calculated",122806,"Y",2018,"High","High","High","High"
"399",10321,"River Creran","Calculated",122810,"Y",2016,"High","High","High","High"
"400",10315,"River Etive (d/s Allt a Chaorainn)","Calculated",122812,"Y",2017,"Good","High","Medium","High"
"401",10285,"River Orchy","Calculated",122818,"Y",2016,"High","High","High","High"
"402",10280,"River Awe","Calculated",122824,"Y",2018,"High","Good","High","Medium"
"403",10300,"River Nant (d/s Loch Nant)","Calculated",122827,"Y",2016,"High","Good","High","Medium"
"404",10241,"Carradale Water/Narachan Burn","Calculated",122832,"Y",2011,"High","High","High","High"
"405",10230,"Conieglen Water","Calculated",122834,"Y",2016,"High","Good","High","High"
"406",10238,"Barr Water","Calculated",122838,"Y",2016,"High","Good","High","High"
"407",10353,"River Sorn/Ballygrant Burn","Calculated",122856,"Y",2014,"High","Good","High","High"
"408",10356,"River Laggan","Calculated",122857,"Y",2017,"High","Good","High","High"
"409",10357,"Duich River/Torra River/Uisge Gleann a Chromain","Calculated",122858,"Y",2014,"High","Good","High","High"
"410",10343,"Aros River/Ledmore River (d/s Loch Frisa)","Calculated",122860,"Y",2017,"High","High","High","High"
"411",10333,"Lussa River (Isle of Mull)","Calculated",122863,"Y",2014,"High","High","High","High"
"412",10673,"Black Esk","Calculated",122873,"Y",2016,"High","High","High","High"
"413",10674,"White Esk (Black Esk to Rae Burn)","Calculated",122874,"Y",2013,"Good","High","Medium","Medium"
"414",10758,"River Esk (Black Esk to National Boundary)","Calculated",122879,"Y",2017,"Good","High","Medium","High"
"415",10679,"Meggat Water","Calculated",122883,"Y",2018,"High","High","High","High"
"416",10681,"Ewes Water","Calculated",122887,"Y",2016,"High","High","High","High"
"417",10694,"Hermitage Water(Liddel Water to Roughley Burn)","Calculated",122890,"Y",2016,"High","High","Medium","High"
"418",10738,"Liddel Burn/Liddel Water/Peel Burn","Calculated",122891,"Y",2016,"High","High","High","High"
"419",10687,"Liddel Burn/Liddel Water/Peel Burn","Calculated",122894,"Y",2016,"High","High","High","High"
"420",10692,"Kershope Burn","Calculated",122895,"Y",2011,"High","High","High","High"
"421",10669,"River Sark","Calculated",122902,"Y",2017,"High","High","High","High"
"422",10666,"Kirtle Water (d/s Waterbeck)","Calculated",122910,"Y",2016,"High","Good","High","High"
"423",10739,"River Annan (above Threewaterfoot)","Calculated",122916,"Y",2016,"High","High","High","High"
"424",10642,"River Annan (Threewaterfoot to Annan)","Calculated",122924,"Y",2016,"High","High","High","High"
"425",10928,"Moffat Water","Calculated",122929,"Y",2016,"High","High","High","High"
"426",10703,"Evan Water","Calculated",122932,"Y",2016,"High","High","High","High"
"427",10652,"Wamphray Water","Calculated",122935,"Y",2012,"High","High","High","High"
"428",10653,"Kinnel Water u/s of Water of Ae","Calculated",122936,"Y",2016,"High","High","High","High"
"429",10657,"Water of Ae (d/s Goukstane Burn)","Calculated",122946,"Y",2016,"High","High","High","High"
"430",10645,"Water of Milk (d/s Corrie Water Confluence)","Calculated",122957,"Y",2016,"High","High","High","High"
"431",10643,"Pennyland Burn/Mein Water","Calculated",122962,"Y",2016,"High","Good","High","High"
"432",10612,"River Nith (u/s New Cumnock)","Calculated",122980,"Y",2018,"High","High","High","High"
"433",10611,"River Nith (Sanquhar - New Cumnock)","Calculated",122986,"Y",2016,"High","High","High","High"
"434",10620,"Mennock Water","Calculated",123016,"Y",2013,"High","High","Medium","Medium"
"435",10625,"Scar Water (u/s Shinnel Water)","Calculated",123020,"Y",2016,"High","High","High","High"
"436",10629,"Cample Water(River Nith to Chrichope Linn)","Calculated",123028,"Y",2018,"High","High","High","High"
"437",10600,"Cargen Pow/Bogrie Lane","Calculated",123055,"Y",2017,"High","High","High","High"
"438",10595,"Southwick Burn","Calculated",123076,"Y",2016,"High","High","High","Medium"
"439",10584,"Urr Water (u/s Drumhumphrey Burn)","Calculated",123080,"Y",2017,"High","Good","High","High"
"440",10583,"Urr Water (d/s Drumhumphrey Burn)","Calculated",123088,"Y",2018,"High","High","High","High"
"441",10589,"Kirkgunzeon Lane","Calculated",123096,"Y",2018,"High","Good","High","Medium"
"442",10591,"Culloch Burn (Milton Loch to Kirkgunzeon Lane)","Calculated",123097,"Y",2013,"Good","High","Medium","Medium"
"443",10563,"Water of Deugh (u/s Carsphairn Lane)","Calculated",123103,"Y",2017,NA,"High",NA,"Medium"
"444",10559,"Water of Ken (u/s High Bridge of Ken)","Calculated",123104,"Y",2016,"High","Good","High","High"
"445",10761,"Water of Ken","Calculated",123105,"Y",2018,"High","Good","High","High"
"446",10569,"Polharrow Burn/Mid Burn/Hawse Burn","Calculated",123107,"Y",2013,"High","High","High","High"
"447",10568,"Polmaddy Burn","Calculated",123108,"Y",2013,"High","High","High","High"
"448",10572,"Garple Burn/Margree Burn","Calculated",123113,"Y",2017,"High","High","High","High"
"449",10556,"Shirmers Burn","Calculated",123114,"Y",2016,"High","Good","High","Medium"
"450",10546,"Black Water of Dee (Pullaugh Burn to Loch Ken)","Calculated",123115,"Y",2018,"High","High","High","High"
"451",10548,"Dargall Lane","Calculated",123117,"Y",2012,"Good","High","Medium","High"
"452",10544,"Tarff Water","Calculated",123135,"Y",2017,"High","High","High","Medium"
"453",10540,"Big Water of Fleet","Calculated",123142,"Y",2012,"High","High","High","Medium"
"454",10539,"Water of Fleet/Big Water of Fleet/Mid Burn","Calculated",123144,"Y",2017,"High","High","High","High"
"455",10536,"Moneypool Burn","Calculated",123146,"Y",2018,"High","Good","High","Medium"
"456",10523,"Fardin Burn","Calculated",123147,"Y",2011,"Good","High","Medium","High"
"457",10522,"River Cree (u/s Carrick Burn)","Calculated",123148,"Y",2010,"High","Good","Medium","Medium"
"458",10524,"Clauchrie Burn","Calculated",123149,"Y",2011,"High","High","High","High"
"459",10522,"River Cree (u/s Carrick Burn)","Calculated",123150,"Y",2012,"High","High","High","High"
"460",10521,"River Cree (u/s Minnoch conf)","Calculated",123151,"Y",2018,"High","Good","High","High"
"461",10520,"River Cree (u/s Newton Stewart)","Calculated",123153,"Y",2018,"High","Good","High","High"
"462",10529,"Shalloch Burn","Calculated",123160,"Y",2018,"High","High","High","High"
"463",10528,"Water of Minnoch (u/s Water of Trool)","Calculated",123161,"Y",2013,"High",NA,"High",NA
"464",10528,"Water of Minnoch (u/s Water of Trool)","Calculated",123163,"Y",2013,NA,"Good",NA,"High"
"465",10527,"Water of Minnoch (River Cree to Water of Trool)","Calculated",123164,"Y",2018,"High","High","High","High"
"466",10531,"Water of Trool","Calculated",123167,"Y",2011,"High","High","High","High"
"467",10533,"Penkiln Burn","Calculated",123168,"Y",2016,"High","Good","High","Medium"
"468",10534,"Palnure Burn","Calculated",123169,"Y",2013,"High","Good","High","High"
"469",10519,"Bishop Burn","Calculated",123170,"Y",2016,"High","Good","High","Medium"
"470",10515,"Tarf Water (u/s Drumpail Burn)","Calculated",123171,"Y",2013,"High","Good","High","High"
"471",10514,"Tarf Water (u/s Bladnoch)","Calculated",123172,"Y",2018,"High","Good","High","Medium"
"472",10512,"Polbae Burn","Calculated",123176,"Y",2013,"High","Good","High","High"
"473",10509,"River Bladnoch (u/s Black Burn)","Calculated",123177,"Y",2013,"High","High","High","High"
"474",10509,"River Bladnoch (u/s Black Burn)","Calculated",123178,"Y",2011,"High","High","High","High"
"475",10507,"River Bladnoch(Tarf Water to Water of Malzie)","Calculated",123179,"Y",2016,"High","Good","High","High"
"476",10499,"Maltkiln Burn","Calculated",123183,"Y",2016,"High",NA,"High",NA
"477",10504,"Ket Burn","Calculated",123194,"Y",2018,"High","Moderate","High","High"
"478",10500,"Killantrae Burn","Calculated",123197,"Y",2018,"High","Good","High","High"
"479",10497,"Milton Burn/Dergoals Burn","Calculated",123198,"Y",2018,"High","Good","High","Medium"
"480",10493,"Cross Water of Luce","Calculated",123201,"Y",2013,"High","Good","High","High"
"481",10493,"Cross Water of Luce","Calculated",123202,"Y",2015,"High","Good","High","High"
"482",10492,"Water of Luce (u/s Cross Water of Luce)","Calculated",123203,"Y",2018,"High","Good","High","Medium"
"483",10491,"Water of Luce (d/s Cross Water of Luce)","Calculated",123205,"Y",2016,"High","Good","High","High"
"484",10496,"Lady Burn","Calculated",123210,"Y",2015,"High","Good","High","High"
"485",10484,"Piltanton Burn","Calculated",123214,"Y",2018,"High","Good","High","High"
"486",10661,"Water of Ae (u/s Goukstane Burn)","Calculated",123240,"Y",2013,"High","High","Medium","Medium"
"487",10151,"Carrochan Burn","Calculated",123753,"Y",2018,"High","Good","High","Medium"
"488",10757,"Water of Girvan (d/s Dailly)","Calculated",124876,"Y",2018,"High","High","High","High"
"489",10641,"Pow Water","Calculated",125443,"Y",2017,"High","Good","High","High"
"490",10515,"Tarf Water (u/s Drumpail Burn)","Calculated",125489,"Y",2012,"High","High","High","High"
"491",10379,"River Garnock (Caaf Water to Tidal Limit)","Calculated",127100,"Y",2016,"High","High","High","High"
"492",10758,"River Esk (Black Esk to National Boundary)","Calculated",127102,"Y",2014,NA,"Good",NA,"Medium"
"493",10601,"Lochfoot Burn","Calculated",129910,"Y",2018,"High","Moderate","High","High"
"494",10505,"Drummullin Burn","Calculated",129912,"Y",2018,"High","Moderate","High","High"
"495",10479,"Messan Burn (d/s Black Loch)","Calculated",129915,"Y",2015,"High","Good","High","High"
"496",10488,"Pinminnoch Burn","Calculated",130811,"Y",2016,"High","Moderate","High","High"
"497",10490,"Sandmill Burn","Calculated",130812,"Y",2018,"High","Good","High","High"
"498",10154,"Gallangad Burn/Catter Burn","Calculated",133715,"Y",2013,"High","High","High","High"
"499",10393,"River Irvine (u/s Glen Burn)","Calculated",134152,"Y",2016,"High","Good","High","High"
"500",10146,"Kirk Burn","Calculated",134232,"Y",2016,"High","High","High","High"
"501",10409,"Powmillon Burn","Calculated",134297,"Y",2017,"High","Good","High","High"
"502",10043,"Daer Water (d/s Daer Reservoir)","Calculated",134340,"Y",2018,"High","High","High","High"
"503",10642,"River Annan (Threewaterfoot to Annan)","Calculated",134375,"Y",2009,"Good",NA,"High",NA
"504",10389,"Caaf Water","Calculated",134376,"Y",2018,"High","Good","High","High"
"505",10256,"Baranlongart Burn/Eas Dubh","Calculated",134439,"Y",2015,"High","Good","High","High"
"506",10244,"Ballochroy Burn (d/s Loch Garasdale)","Calculated",134447,"Y",2018,"High","High","High","High"
"507",10228,"Strone Water","Calculated",134449,"Y",2018,"High","Good","High","High"
"508",10610,"River Nith (Dumfries - Sanquhar)","Calculated",134469,"Y",2012,"High","High","High","High"
"509",10079,"Jock s Burn","Calculated",134480,"Y",2016,"High","Moderate","High","High"
"510",10304,"Black Lynn Burn","Calculated",134491,"Y",2018,"High","Moderate","High","High"
"511",10027,"Roebank Burn (d/s Barcraigs Reservoir)","Calculated",134597,"Y",2017,"High","High","High","High"
"512",10022,"Candren Burn","Calculated",134598,"Y",2018,"Moderate","Bad","Medium","High"
"513",10665,"Dornock Burn","Calculated",134604,"Y",2018,"High","Moderate","High","Medium"
"514",10648,"Ryemuir Burn","Calculated",134609,"Y",2016,"High","Poor","High","High"
"515",10644,"Dalton Burn","Calculated",134611,"Y",2015,"High","High","High","High"
"516",10575,"Gelston Burn/Carlingwark Lane","Calculated",134620,"Y",2017,"High","Moderate","High","High"
"517",10581,"Hass Burn","Calculated",134621,"Y",2016,"High","Good","High","High"
"518",10032,"River Gryfe (above Gryfe Reservoirs)","Calculated",134699,"Y",2014,"High","Good","High","High"
"519",10483,"Black Stank","Calculated",134705,"Y",2016,"High","Poor","High","High"
"520",10501,"Inch Burn","Calculated",134707,"Y",2016,"High","Moderate","High","High"
"521",10754,"Mouswald Burn","Calculated",134708,"Y",2013,"Moderate","Moderate","Medium","Medium"
"522",10442,"Purclewan Burn","Calculated",134727,"Y",2013,"High","Good","Medium","Medium"
"523",10441,"Chapelton Burn","Calculated",134728,"Y",2013,"High","Good","Medium","Medium"
"524",10440,"Culroy Burn/Minishant Burn","Calculated",134729,"Y",2013,"High","High","Medium","Medium"
"525",10482,"Galdennoch Burn","Calculated",134730,"Y",2016,"High","Moderate","High","High"
"526",10445,"Dalcairnie Burn/Shalloch Burn","Calculated",134731,"Y",2015,"High","Good","High","Medium"
"527",10731,"Stand Burn/Park Burn","Calculated",134743,"Y",2009,"High","Moderate","High","High"
"528",10437,"Slaphouse Burn","Calculated",134757,"Y",2018,"High","Moderate","High","High"
"529",10736,"Garrion Burn","Calculated",135238,"Y",2016,"High","High","High","High"
"530",10579,"Abbey Burn","Calculated",135279,"Y",2016,"High","Good","High","High"
"531",10610,"River Nith (Dumfries - Sanquhar)","Calculated",135386,"Y",2015,"High","High","High","High"
"532",10660,"Kirkland Burn","Calculated",135389,"Y",2016,"High","Good","High","High"
"533",10489,"Caldons Burn","Calculated",135390,"Y",2013,"Good","Poor","Medium","Medium"
"534",20614,"Halladale River - d/s Forsinain Burn","Calculated",200211,"Y",2016,"High","High","High","High"
"535",20211,"River Affric - Loch Beinn a  Mheadhoin to Loch Affric","Calculated",200306,"Y",2017,"High","Moderate","High","Medium"
"536",20627,"Murkle Burn","Calculated",200630,"Y",2017,"High","Moderate","High","High"
"537",20503,"Dundonnell River","Calculated",203249,"Y",2015,"High","High","High","High"
"538",20139,"Fearn Canal","Calculated",203256,"Y",2014,"Moderate","Bad","Medium","High"
"539",20622,"Sandside Burn","Calculated",203456,"Y",2016,"High","Good","High","High"
"540",20650,"Sleach Water","Calculated",203474,"Y",2009,"High","High","High","High"
"541",23066,"River Spey - R. Avon to R. Fiddich","Calculated",203747,"Y",2015,NA,"Good",NA,"Medium"
"542",23032,"River Lossie - Waukmill to Arthurs Bridge","Calculated",203862,"Y",2016,"Good","Good","Medium","High"
"543",23378,"Lhanbryde Burn/Burn of Blackhills","Calculated",203886,"Y",2016,"High","Good","High","High"
"544",20088,"Easter Fearn Burn","Calculated",203982,"Y",2012,"High","High","High","High"
"545",23264,"Bervie Water - lower catchment","Calculated",204343,"Y",2016,"High","Good","High","High"
"546",23179,"River Isla - Keith to Shiel Burn","Calculated",205682,"Y",2016,"High","Good","High","High"
"547",23579,"River Borgie d/s Loch Craggie","Calculated",206717,"Y",2018,"High","Good","High","Medium"
"548",20586,"River Hope","Calculated",206718,"Y",2016,"High","Good","High","High"
"549",20633,"Forss Water - Allt Forsiescye to sea","Calculated",206719,"Y",2016,"High","Good","High","Medium"
"550",20146,"River Skitheach","Calculated",206721,"Y",2016,"High","High","High","High"
"551",23392,"Black Water - Conon Confluence to Loch Garve","Calculated",206722,"Y",2014,"High","Good","High","High"
"552",20173,"Logie Burn - Muir of Ord to source","Calculated",206724,"Y",2016,"High","High","High","High"
"553",20551,"River Kirkaig","Calculated",206727,"Y",2016,"High","High","High","High"
"554",20095,"Merkland River - Loch a Ghriama to Loch Merkland","Calculated",206728,"Y",2018,"High","High","High","High"
"555",20093,"River Shin - Dornoch Firth to Loch Shin","Calculated",206732,"Y",2018,"High","Good","High","Medium"
"556",20207,"Moniack Burn - Beauly Firth to Kirkhill WWTP","Calculated",206734,"Y",2017,"High","High","High","High"
"557",23382,"River Moriston - Dundreggan Dam to Bun Loyne","Calculated",206745,"Y",2012,"High","High","High","High"
"558",20733,"River Snizort","Calculated",206750,"Y",2018,"High","Good","High","High"
"559",20451,"River Ling - sea to Aonach Beag","Calculated",206751,"Y",2016,"High","Good","High","High"
"560",20433,"River Elchaig","Calculated",206752,"Y",2016,"High","Good","High","Medium"
"561",20643,"Calder Water - d/s Loch Calder","Calculated",206761,"Y",2018,"High","High","High","Medium"
"562",20563,"River Laxford - d/s Loch Stack","Calculated",206763,"Y",2016,"High","High","High","High"
"563",20572,"River Dionard","Calculated",206765,"Y",2016,"High","High","High","High"
"564",20047,"Dunbeath Water - Burn of Houstry to sea","Calculated",206770,"Y",2016,"High","High","High","High"
"565",20053,"Berriedale Water","Calculated",206772,"Y",2009,"High","High","High","High"
"566",20054,"Langwell Water","Calculated",206773,"Y",2016,"High","High","High","High"
"567",20010,"River Helmsdale - Loch Badanloch to Kinbrace Burn","Calculated",206774,"Y",2018,"High","Good","High","High"
"568",20596,"River Mudale - lower catchment","Calculated",206775,"Y",2016,"High","Good","High","High"
"569",20610,"River Strathy - The Uair to sea","Calculated",206778,"Y",2016,"High","Good","High","High"
"570",20088,"Easter Fearn Burn","Calculated",206784,"Y",2016,"High","High","High","High"
"571",20141,"Balnagown River","Calculated",206786,"Y",2016,"High","High","High","High"
"572",20147,"River Peffery","Calculated",206792,"Y",2018,"High","High","High","Medium"
"573",20524,"Abhainn Gleann Leireag","Calculated",206796,"Y",2018,"High","High","High","High"
"574",20172,"Logie Burn - River Conon Confluence to Muir of Ord","Calculated",206798,"Y",2017,"High","Good","High","High"
"575",20510,"River Garvie","Calculated",206800,"Y",2016,"High","Good","High","High"
"576",23634,"River Canaird (lower section) and Allt a' Mhuilinn","Calculated",206801,"Y",2016,"High","High","High","High"
"577",20553,"Ledmore River","Calculated",206802,"Y",2016,"High","High","High","High"
"578",20064,"Black Water - Balnacoil to Amat","Calculated",206805,"Y",2016,"High","Good","High","Medium"
"579",20057,"River Brora - sea to Loch Brora","Calculated",206807,"Y",2016,"High","High","High","Medium"
"580",20116,"River Oykel - Dornoch Firth to Loch Craggie","Calculated",206809,"Y",2018,"High","High","High","High"
"581",20121,"River Einig","Calculated",206810,"Y",2013,"Good","High","Medium","Medium"
"582",20110,"River Cassley - Dornoch Firth to Glenmuick","Calculated",206811,"Y",2016,"High","Good","High","Medium"
"583",20167,"River Conon - Loch Achonachie to Loch Luichart","Calculated",206814,"Y",2018,"High","High","High","Medium"
"584",20165,"River Conon - Cromarty Firth to Orrin confluence","Calculated",206815,"Y",2017,"High","Good","High","Medium"
"585",20150,"Newhall Burn","Calculated",206817,"Y",2018,"High","High","High","High"
"586",20484,"Kinlochewe River / Abhainn Bruachaig","Calculated",206823,"Y",2014,"High","High","High","High"
"587",20262,"River Enrick - Loch Ness to Loch Meiklie","Calculated",206827,"Y",2018,"High","Good","High","High"
"588",20321,"Black Burn (Clunas)","Calculated",206832,"Y",2016,"High","Good","High","High"
"589",20483,"River Ewe - sea to Loch Maree","Calculated",206837,"Y",2018,"High","Good","High","High"
"590",23371,"River Carron - Loch Carron to Loch Dughaill","Calculated",206845,"Y",2016,"High","High","High","High"
"591",23014,"River Findhorn - Garbole to Coignafearn Lodge","Calculated",206852,"Y",2013,"High","Good","Medium","Medium"
"592",20406,"Moidart River","Calculated",206863,"Y",2016,"High","Good","High","High"
"593",20254,"River Garry - Loch Oich to Loch Garry","Calculated",206868,"Y",2016,"High","Good","High","High"
"594",23915,"River Tarff / Allt Lagan a'Bhainne","Calculated",206876,"Y",2012,"High","High","High","Medium"
"595",20339,"River Lochy - sea to Spean confluence","Calculated",206880,"Y",2016,"High","Good","High","Medium"
"596",20329,"River Nevis","Calculated",206882,"Y",2016,"High","Good","High","Medium"
"597",20412,"River Shiel - sea to Loch Shiel","Calculated",206888,"Y",2018,"High","Good","High","High"
"598",20446,"River Morar - sea to Loch Morar","Calculated",206889,"Y",2016,"High","Good","High","High"
"599",20658,"Burn of Hourston","Calculated",206895,"Y",2015,"High","Good","High","Medium"
"600",20697,"Mill Burn","Calculated",206898,"Y",2017,"High","Good","High","Medium"
"601",20037,"Wick River - source to Loch Watten Burn","Calculated",206903,"Y",2016,"High","High","High","High"
"602",20587,"Strathmore River","Calculated",206909,"Y",2015,"High","High","High","High"
"603",20595,"River Naver - sea to Loch Naver","Calculated",206910,"Y",2016,"High","High","High","High"
"604",20637,"River Thurso - Loch More to sea","Calculated",206911,"Y",2016,"High","Good","High","High"
"605",20089,"Craigroy Burn - Dornoch Firth to Balblair Distillery","Calculated",206915,"Y",2016,"High","High","High","High"
"606",20552,"Abhainn Mhor","Calculated",206918,"Y",2016,"High","Good","High","High"
"607",20317,"Muckle Burn - Lethen to Speedie Burn","Calculated",206919,"Y",2016,"High","High","High","High"
"608",20436,"Allt Cadh an Eas","Calculated",206921,"Y",2017,"High","High","High","High"
"609",23000,"River Findhorn - Dorback Burn to sea","Calculated",206930,"Y",2018,"High","High","High","High"
"610",20323,"River Duror","Calculated",206938,"Y",2013,"Good","Good","Medium","High"
"611",20347,"River Pattack - Loch Laggan to Loch Pattack","Calculated",206940,"Y",2018,"High","High","High","High"
"612",20387,"River Scaddle / Cona River","Calculated",206954,"Y",2016,"High","Good","High","High"
"613",23381,"River Moriston - Loch Ness to Dundreggan Dam","Calculated",206966,"Y",2018,"High","Good","High","High"
"614",20514,"River Polly","Calculated",206971,"Y",2016,"High","Good","High","High"
"615",23020,"Mosset Burn - Forres to sea","Calculated",206972,"Y",2013,"Good","Poor","Medium","Medium"
"616",23179,"River Isla - Keith to Shiel Burn","Calculated",206977,"Y",2015,NA,"Good",NA,"High"
"617",20038,"Achairn Burn","Calculated",206982,"Y",2016,"High","Good","High","High"
"618",20530,"Allt nan Ramh - d/s Duartmore FF","Calculated",206985,"Y",2014,"High","Good","High","High"
"619",20143,"Rosskeen Burn - Cromarty Firth to Tomich","Calculated",206987,"Y",2018,"High","Good","High","High"
"620",20439,"River Kishorn - sea to Couldoran","Calculated",206993,"Y",2017,"High","Good","High","High"
"621",23322,"Brodiach Burn / Ord Burn","Calculated",206995,"Y",2017,"High","Moderate","High","High"
"622",20505,"Ullapool River","Calculated",206997,"Y",2018,"High","High","High","High"
"623",20156,"Alness River - Cromarty Firth to Strone","Calculated",206998,"Y",2018,"High","High","High","High"
"624",23076,"Aberlour Burn","Calculated",206999,"Y",2013,"High","High","High","High"
"625",23636,"Green Burn","Calculated",207010,"Y",2015,"High","Good","High","High"
"626",23187,"River Deveron - source to Black Water confl.","Calculated",207015,"Y",2016,"High","High","High","High"
"627",23075,"Dullan Water","Calculated",207017,"Y",2017,"High","High","High","High"
"628",23106,"River Dulnain - lower catchment","Calculated",207019,"Y",2017,"High","High","High","High"
"629",23072,"River Fiddich - d/s Dufftown","Calculated",207021,"Y",2014,"High","High","High","High"
"630",23181,"River Isla - source to Keith","Calculated",207022,"Y",2018,"High","High","High","Medium"
"631",23116,"River Nethy - d/s Nethy Bridge","Calculated",207027,"Y",2014,"High","High","High","High"
"632",23097,"River Spey - R. Feshie to R. Nethy","Calculated",207029,"Y",2016,"High","High","High","High"
"633",23065,"River Spey - R. Fiddich to tidal limit","Calculated",207030,"Y",2018,"High","High","High","High"
"634",23293,"River Don - Alford to Inverurie","Calculated",207055,"Y",2018,"High","High","High","High"
"635",23295,"River Don - source to Strathdon","Calculated",207056,"Y",2015,"High","High","High","High"
"636",23372,"Logie Burn / Loch Davan","Calculated",207073,"Y",2008,"High","High","High","High"
"637",23366,"Lui Water","Calculated",207074,"Y",2011,"High","High","High","High"
"638",23363,"Quoich Water - main stem","Calculated",207075,"Y",2012,"High","High","High","High"
"639",23345,"River Dee - Braemar to Ballater","Calculated",207076,"Y",2016,"High","High","High","High"
"640",23347,"River Gairn - lower catchment","Calculated",207078,"Y",2016,"High","High","High","Medium"
"641",23351,"River Muick - Spittal of Glen Muick to Dee","Calculated",207079,"Y",2016,"High","High","High","High"
"642",23338,"Tarland Burn","Calculated",207080,"Y",2017,"High","High","High","High"
"643",23326,"Water of Feugh - lower catchment","Calculated",207081,"Y",2016,"High","High","High","High"
"644",23054,"Boyne Burn / Corncairn Burn","Calculated",207088,"Y",2017,"High","Good","High","High"
"645",23160,"Burn of King Edward","Calculated",207090,"Y",2016,"High","Good","High","High"
"646",23052,"Fordyce Burn","Calculated",207095,"Y",2016,"High","Good","High","High"
"647",23191,"Kirkney Water","Calculated",207100,"Y",2013,"High","High","High","High"
"648",23161,"Idoch Water","Calculated",207106,"Y",2016,"High","Good","High","High"
"649",23084,"River Avon / River Livet - lower catchment","Calculated",207108,"Y",2016,"High","High","High","High"
"650",23194,"River Bogie - source to Culdrain","Calculated",207110,"Y",2014,"High","Good","High","Medium"
"651",23165,"River Deveron - Huntly to Turriff","Calculated",207117,"Y",2018,"High","High","High","High"
"652",23129,"River Feshie - main stem d/s R. Eidart","Calculated",207118,"Y",2015,"High","High","High","High"
"653",23074,"River Fiddich - u/s Dufftown","Calculated",207119,"Y",2015,"High","High","High","High"
"654",23171,"River Isla - d/s Shiel Burn","Calculated",207120,"Y",2016,"High","Good","High","High"
"655",23043,"River Lossie - upper catchment","Calculated",207127,"Y",2018,"High","Good","High","High"
"656",23096,"River Spey - R. Nethy to R. Avon","Calculated",207129,"Y",2016,"High","Good","High","High"
"657",23154,"River Spey - source to Garva","Calculated",207131,"Y",2017,"High","Good","High","Medium"
"658",23142,"River Spey - Spey Dam to Loch Insh","Calculated",207132,"Y",2016,"High","High","High","High"
"659",23173,"Shiel Burn","Calculated",207138,"Y",2015,"High","Good","High","High"
"660",23061,"Burn of Savoch/ Logie Burn","Calculated",207141,"Y",2018,"High","Good","High","High"
"661",23234,"Fordoun Burn","Calculated",207146,"Y",2014,"High","Good","High","High"
"662",23223,"Greenspeck Burn","Calculated",207148,"Y",2013,"High","Good","Medium","Medium"
"663",23228,"Leeches Burn","Calculated",207149,"Y",2016,"High","High","High","High"
"664",23222,"North Ugie Water - upper catchment","Calculated",207152,"Y",2016,"High","Good","High","High"
"665",23232,"River Ythan - Fyvie to Methlick","Calculated",207157,"Y",2016,"High","Good","High","High"
"666",23231,"River Ythan - Methlick to Ellon","Calculated",207158,"Y",2016,"High","Good","High","High"
"667",23233,"River Ythan - upper catchment above Fyvie","Calculated",207159,"Y",2017,"High","Moderate","High","High"
"668",23205,"Tarty Burn","Calculated",207162,"Y",2017,"High","Good","High","High"
"669",23056,"Tore Burn","Calculated",207163,"Y",2017,"High","High","High","High"
"670",23201,"Water of Cruden - u/s Hatton WWTP","Calculated",207165,"Y",2013,"High","High","Medium","Medium"
"671",23229,"Water of Fedderate","Calculated",207166,"Y",2014,"High","High","High","High"
"672",23241,"Youlie Burn / Bronie Burn","Calculated",207170,"Y",2017,"High","High","High","High"
"673",23283,"River Urie - Pitcaple to Lochter Burn","Calculated",207181,"Y",2015,"High","Good","High","High"
"674",23333,"Beltie Burn","Calculated",207183,"Y",2016,"High","High","High","Medium"
"675",23251,"Burn of Elsick","Calculated",207185,"Y",2017,"High","Good","High","High"
"676",23317,"Crynoch Burn","Calculated",207188,"Y",2016,"High","High","High","High"
"677",23319,"Culter Burn","Calculated",207189,"Y",2016,"High","High","High","High"
"678",23323,"Kinnernie Burn","Calculated",207191,"Y",2014,"High","High","High","High"
"679",23346,"River Dee - White Bridge to Braemar","Calculated",207194,"Y",2016,"High","Good","High","High"
"680",23315,"River Dee - Peterculter to tidal limit","Calculated",207195,"Y",2016,"High","High","High","High"
"681",23318,"Sheeoch Burn","Calculated",207198,"Y",2011,"High","High","High","High"
"682",23328,"Water of Dye - lower catchment","Calculated",207199,"Y",2016,"High","Good","High","High"
"683",23188,"River Bogie - Culdrain to Huntly","Calculated",207211,"Y",2018,"High","Good","High","High"
"684",23039,"River Lossie - Leanoch Burn to Mosstowie Canal","Calculated",207213,"Y",2016,"High","High","High","High"
"685",23215,"River Ugie - North/South confl to tidal limit","Calculated",207231,"Y",2016,"High","Good","High","High"
"686",23230,"South Ugie Water - New Deer to Stuartfield","Calculated",207236,"Y",2015,"High","High","High","Medium"
"687",23200,"Water of Cruden - d/s Hatton WWTP","Calculated",207237,"Y",2016,"High","High","High","High"
"688",23267,"Elrick Burn - d/s Newmachar WWTP","Calculated",207241,"Y",2018,"High","Moderate","High","High"
"689",23284,"Lochter Burn / Kings Burn","Calculated",207242,"Y",2018,"High","Good","High","High"
"690",23269,"River Don - Inverurie to Dyce","Calculated",207246,"Y",2015,"High","Good","High","High"
"691",23253,"Cowie Water - Rickarton to sea","Calculated",207254,"Y",2017,"High","High","High","High"
"692",23243,"Den Burn","Calculated",207255,"Y",2016,"High","Good","High","Medium"
"693",23263,"Forthie Water","Calculated",207256,"Y",2015,"High","Moderate","High","High"
"694",23632,"Cowie Burn","Calculated",207260,"Y",2018,"High","Moderate","High","High"
"695",23034,"Linkwood Burn","Calculated",207261,"Y",2017,"Good","Moderate","Medium","High"
"696",23221,"North Ugie Water - lower catchment","Calculated",207269,"Y",2018,"High","Good","High","High"
"697",23265,"River Don - Dyce to tidal limit","Calculated",207274,"Y",2018,"High","Good","High","High"
"698",23282,"River Urie - Lochter Burn to Don","Calculated",207275,"Y",2018,"High","Good","High","High"
"699",23250,"Findon Burn","Calculated",207277,"Y",2015,"Good","Poor","Medium","High"
"700",20642,"Halkirk Burn","Calculated",207281,"Y",2018,"High","High","High","High"
"701",20558,"River Inver - sea to Loch Assynt","Calculated",207286,"Y",2014,"High","Good","High","Medium"
"702",20079,"River Evelix","Calculated",207287,"Y",2018,"High","High","High","High"
"703",20130,"River Carron - sea to Alladale Lodge","Calculated",207289,"Y",2016,"High","High","High","Medium"
"704",20191,"River Meig - Loch Meig to Inverchoran","Calculated",207295,"Y",2015,"High","Good","High","High"
"705",20542,"Gruinard River","Calculated",207298,"Y",2016,"High","High","High","High"
"706",20547,"River Broom","Calculated",207301,"Y",2018,"High","High","High","High"
"707",23127,"River Feshie - Allt a Mharcaidh","Calculated",207309,"Y",2018,"High","High","High","High"
"708",23066,"River Spey - R. Avon to R. Fiddich","Calculated",207347,"Y",2016,"High","Good","High","High"
"709",23059,"Water of Philorth / Water of Tyrie","Calculated",207372,"Y",2014,"High","Good","High","High"
"710",23266,"Bucks Burn","Calculated",207374,"Y",2018,"High","Moderate","High","High"
"711",23310,"Ton Burn / Cluny Burn lower","Calculated",207376,"Y",2018,"Good","Good","Medium","High"
"712",23321,"Leuchar Burn","Calculated",207420,"Y",2016,"High","Good","High","High"
"713",23332,"River Dee - Ballater to Banchory","Calculated",207432,"Y",2016,"High","High","High","High"
"714",20330,"River Leven - sea to Blackwater Reservoir","Calculated",207443,"Y",2016,"High","High","High","High"
"715",20778,"Abhainn Eabhal","Calculated",207464,"Y",2016,"High","Good","High","High"
"716",20823,"Abhainn thernaraigh","Calculated",207474,"Y",2015,"High","Good","High","High"
"717",20801,"Abhainn Bharabhais","Calculated",207484,"Y",2016,"High","Good","High","High"
"718",20679,"Burn of Weisdale","Calculated",207496,"Y",2018,"High","Good","High","High"
"719",20668,"Burn of Arisdale","Calculated",207507,"Y",2016,"High","High","High","High"
"720",20671,"Laxo Burn / Gossawater Burn","Calculated",207509,"Y",2018,"High","High","High","High"
"721",20675,"Burn of Laxdale / Burn of Voxter","Calculated",207557,"Y",2015,"High","Good","Medium","High"
"722",20435,"Allt Dhuirinish","Calculated",207582,"Y",2014,"High","Good","High","Medium"
"723",20690,"Burn of Hillside","Calculated",207605,"Y",2017,"High","High","High","High"
"724",23394,"River Ness - Inverness Firth to Loch Ness","Calculated",207621,"Y",2018,"High","Good","High","High"
"725",20209,"River Beauly - Beauly Firth to Cannich","Calculated",207626,"Y",2017,"High","High","High","Medium"
"726",20305,"River Nairn - Moray Firth to River Farnack confluence","Calculated",207636,"Y",2018,"High","High","High","High"
"727",23001,"Dorback Burn - d/s Divie confluence","Calculated",207639,"Y",2016,"High","High","High","High"
"728",23362,"Clunie Water - upper catchment","Calculated",232613,"Y",2012,"High","High","High","High"
"729",23352,"River Muick - Allt Darrarie","Calculated",232614,"Y",2011,"High","High","High","High"
"730",23362,"Clunie Water - upper catchment","Calculated",232617,"Y",2010,NA,"High",NA,"High"
"731",23354,"River Muick - Allt an Dubh Loch","Calculated",232619,"Y",2012,"High","High","High","Medium"
"732",20235,"Abhainn Deabhag","Calculated",232630,"Y",2016,"High","High","High","High"
"733",20046,"Burn of Latheronwheel","Calculated",232637,"Y",2015,"High","High","High","High"
"734",20532,"Allt Mor Gisgil","Calculated",232639,"Y",2016,"High","High","High","High"
"735",20538,"Allt an Loin Bhain","Calculated",232641,"Y",2016,"High","High","High","Medium"
"736",20577,"Allt Ach an t Srathain","Calculated",232644,"Y",2016,"High","Good","High","High"
"737",20580,"Rhian Burn","Calculated",232645,"Y",2016,"High","High","High","High"
"738",20583,"Swordly Burn - d/s Loch Meadie","Calculated",232648,"Y",2009,"High","High","High","High"
"739",20585,"Armadale Burn","Calculated",232649,"Y",2016,"High","High","High","High"
"740",20662,"Burn of Corrigall","Calculated",232683,"Y",2016,"High","High","High","Medium"
"741",20754,"Allt na Craoibhe","Calculated",232691,"Y",2013,"High","Good","Medium","Medium"
"742",20755,"Abhainn Lacasaidh - d/s Loch Trealabhal","Calculated",232692,"Y",2018,"High","Good","High","High"
"743",20766,"Abhainn Ruadh","Calculated",232693,"Y",2013,"Good","Good","Medium","High"
"744",20775,"Abhainn Lacasdail","Calculated",232695,"Y",2013,"High","Good","Medium","Medium"
"745",20777,"Abhainn Mhiabhaig","Calculated",232697,"Y",2018,"High","Good","High","Medium"
"746",20063,"Allt a  Mhuilinn / Allt ach a  Bhathaich","Calculated",232713,"Y",2013,"High","Good","Medium","Medium"
"747",20072,"Abhainn an t-sratha Charnaig","Calculated",232716,"Y",2013,"High","High","Medium","Medium"
"748",20080,"Allt Garbh","Calculated",232721,"Y",2017,"High","High","High","High"
"749",20099,"River Tirry - Loch Shin to Rhian","Calculated",232722,"Y",2018,"High","Good","High","High"
"750",20142,"Pollo Burn","Calculated",232732,"Y",2013,"High","Good","High","High"
"751",20496,"Allt Bad an Luig","Calculated",232743,"Y",2018,"High","High","High","High"
"752",20516,"Allt Gleann an t-Srathain","Calculated",232746,"Y",2018,"High","High","High","Medium"
"753",20525,"Unapool Burn","Calculated",232750,"Y",2016,"High","High","High","High"
"754",20319,"Speedie Burn","Calculated",232752,"Y",2008,"High","Good","High","High"
"755",23009,"Moy Burn","Calculated",232759,"Y",2016,"High","Good","High","Medium"
"756",23004,"River Findhorn - Tomatin to Dorback Burn","Calculated",232760,"Y",2016,"High","High","High","High"
"757",20310,"Dalriach Burn","Calculated",232763,"Y",2016,"High","High","High","High"
"758",20247,"Balnagowan Burn","Calculated",232765,"Y",2013,"High","Moderate","Medium","Medium"
"759",23398,"Rough Burn","Calculated",232766,"Y",2016,"High","Good","High","High"
"760",23370,"Ault na Skiah","Calculated",232768,"Y",2016,"High","Good","High","High"
"761",20263,"River Enrick - Loch Meiklie to Allt Seanabhaile confluence","Calculated",232770,"Y",2012,"High","High","High","High"
"762",20275,"Allt Breineag","Calculated",232776,"Y",2013,"High","High","High","High"
"763",20470,"River Erradale","Calculated",232792,"Y",2013,"Good","High","Medium","Medium"
"764",20461,"Abhainn Dubh","Calculated",232795,"Y",2014,"High","High","High","High"
"765",20438,"Abhainn Cumhang a Ghlinne","Calculated",232798,"Y",2013,"High","High","Medium","Medium"
"766",20723,"Vikisgill Burn","Calculated",232817,"Y",2015,"High","High","High","High"
"767",20738,"River Romesdal","Calculated",232826,"Y",2015,"High","High","High","High"
"768",20740,"River Conon","Calculated",232828,"Y",2015,"High","High","High","High"
"769",20299,"Greenfield Burn","Calculated",232832,"Y",2016,"High","High","High","High"
"770",20360,"Allt a Chaorainn","Calculated",232835,"Y",2016,"High","Good","High","High"
"771",20345,"River Loy","Calculated",232838,"Y",2013,"High","Good","Medium","Medium"
"772",20407,"River Ailort","Calculated",232868,"Y",2016,"High","High","High","High"
"773",20409,"Brunery Burn","Calculated",232869,"Y",2018,"High","Good","High","High"
"774",23069,"Mulben Burn","Calculated",232881,"Y",2016,"High","High","High","High"
"775",23176,"Burn of Aultmore","Calculated",232920,"Y",2016,"High","Good","High","High"
"776",23167,"Burn of Auchintoul - d/s Arkland Burn","Calculated",232926,"Y",2017,"High","Good","High","High"
"777",23157,"Rosy Burn","Calculated",232930,"Y",2018,"High","High","High","High"
"778",23226,"Quhomery Burn","Calculated",232936,"Y",2015,"High","Good","High","Medium"
"779",23294,"River Don - Strathdon to Alford","Calculated",232939,"Y",2018,"High","Good","High","Medium"
"780",23365,"Ey Burn","Calculated",232957,"Y",2012,"High","High","High","High"
"781",23358,"Gelder Burn","Calculated",232960,"Y",2011,"High","High","High","High"
"782",23324,"Bo Burn","Calculated",232968,"Y",2018,"High","High","High","High"
"783",20239,"Mill Burn - sea to Hilton","Calculated",234200,"Y",2015,"High","High","High","High"
"784",20652,"Abhainn Ghriomarstaidh - d/s Loch Faoghail Charrasan","Calculated",300007,"Y",2016,"High","Good","High","High"
"785",20036,"Wick River - Loch Watten Burn to tidal limit","Calculated",300008,"Y",2016,"High","Good","High","High"
"786",20002,"River Helmsdale - Kinbrace Burn to sea","Calculated",300010,"Y",2016,"High","High","High","High"
"787",23155,"River Deveron - Turriff to tidal limit","Calculated",300181,"Y",2017,"High","Good","High","High"
"788",20666,"Burn of Mailand / Burn of Caldback","Calculated",300185,"Y",2013,"High","Good","High","High"
"789",10502,"Pouton Burn","Calculated",300379,"Y",2016,"High","Moderate","High","High"
"790",10503,"Monreith Burn","Calculated",300380,"Y",2017,"High","Good","High","High"
"791",10494,"Penwhirn Burn (d/s Penwhirn Reservoir)","Calculated",301457,"Y",2018,"High","Good","High","Medium"
"792",20027,"Kirk Burn","Calculated",301627,"Y",2018,"High","High","High","High"
"793",23023,"Kinloss Burn","Calculated",301628,"Y",2017,"High","Good","High","High"
"794",10511,"Pulganny Burn","Calculated",301689,"Y",2013,"High","Good","High","High"
"795",10743,"South Burn","Calculated",301964,"Y",2018,"Good","Poor","Medium","High"
"796",10435,"Dippol Burn","Calculated",301969,"Y",2017,"High","High","High","High"
"797",10551,"Pullaugh Burn","Calculated",301972,"Y",2014,"High","High","High","High"
"798",10604,"Cluden Water/Cairn Water","Calculated",302007,"Y",2016,"High","High","High","High"
"799",10725,"Corra Lane/Birkland Burn/Buittle Burn","Calculated",302049,"Y",2017,"High","Good","High","High"
"800",10283,"Allt Mhoille","Calculated",302087,"Y",2016,"High","Good","Medium","High"
"801",10009,"Dunwan Burn/Polnoon Water (d/s Dunwan Dam)","Calculated",302094,"Y",2016,"High","Good","High","High"
"802",10570,"Coom Burn / Garroch Burn","Calculated",302125,"Y",2016,"High","Good","High","High"
"803",10459,"Dobbingstone Burn/Lindsayston Burn","Calculated",302130,"Y",2013,"High","High","High","High"
"804",3203,"Sauchenford Burn (Source to Plean sewage works)","Calculated",302505,"Y",2018,"High","Good","High","High"
"805",20410,"River Aline","Calculated",304695,"Y",2017,"High","Good","High","High"
"806",4716,"Keltie Water","Calculated",305388,"Y",2016,"High","Good","High","Medium"
"807",10070,"Shotts Burn","Calculated",320337,"Y",2014,"High","High","High","High"
"808",20767,"Abhainn Scaladail","Calculated",320427,"Y",2016,"High","High","High","High"
"809",23397,"Abhainn Rog","Calculated",320429,"Y",2016,"High","Good","High","High"
"810",10355,"Eallabus burn","Calculated",320512,"Y",2013,"High","Good","Medium","Medium"
"811",10473,"Feoch Burn/Carnmock Burn/Roughlea Burn","Calculated",320570,"Y",2011,"High","High","High","High"
"812",10472,"Cross Water","Calculated",320571,"Y",2017,"High","Good","High","High"
"813",23331,"Water of Aven / Feugh - upper catchment","Calculated",320749,"Y",2012,"High","High","High","High"
"814",10267,"Rhudil Burn","Calculated",320771,"Y",2015,"High","High","High","High"
"815",10306,"Allt Nathais","Calculated",320942,"Y",2016,"High","High","High","High"
"816",20677,"Burn of Hillwell - u/s Loch of Spiggie","Calculated",322349,"Y",2018,"High","Good","High","Medium"
"817",6313,"Lothrie Burn (Ballo Reservoir to River Leven)","Calculated",322687,"Y",2013,"High","Good","High","High"
"818",20183,"Rogie Burn","Calculated",323604,"Y",2012,"High","High","High","High"
"819",20807,"Abhainn Dhail","Calculated",323609,"Y",2013,"High","Good","Medium","Medium"
"820",10336,"River Clachaig","Calculated",324036,"Y",2013,"Moderate","High","Medium","High"
"821",10335,"River Ba/Glencannel River (u/s Loch Ba)","Calculated",324426,"Y",2013,"High","High","High","High"
"822",20430,"River Shiel","Calculated",327611,"Y",2016,"High","High","High","Medium"
"823",20122,"Rappach Water","Calculated",335314,"Y",2008,"High","High","High","High"
"824",4309,"Keithing Burn (Source to Craiganet Burn)","Calculated",335315,"Y",2018,"Moderate","Poor","Medium","High"
"825",20153,"Killen Burn","Calculated",335316,"Y",2016,"High","High","High","Medium"
"826",10727,"Powgree Burn","Calculated",337236,"Y",2016,"High","High","High","High"
"827",10750,"Tillan Burn","Calculated",337274,"Y",2018,"High","High","High","High"
"828",4601,"Allan Water (Source to Greenloaning)","Calculated",337301,"Y",2017,"High","Good","High","High"
"829",5802,"Pow Burn","Calculated",337916,"Y",2017,"High","Good","High","High"
"830",23224,"South Ugie Water - Stuartfield to Longside","Calculated",338805,"Y",2016,"High","Good","High","High"
"831",10078,"Cander Water/White Corse Burn","Calculated",339118,"Y",2015,"High","Good","High","High"
"832",10759,"Glenzier Burn","Calculated",340656,"(Empty)",2018,"High",NA,"High",NA
"833",6498,"River Tay (R Isla to R Earn Confluences)","Calculated",345954,"Y",2016,"High","High","High","High"
"834",10071,"Wellshaw/Earnock Burn","Calculated",361155,"Y",2014,"Moderate","Moderate","Medium","High"
"835",6104,"Lead Burn Drain","Calculated",391456,"Y",2014,"Moderate","Poor","Medium","High"
"836",10731,"Stand Burn/Park Burn","Calculated",398593,"Y",2018,"High","Good","High","High"
"837",20053,"Berriedale Water","Calculated",408675,"Y",2016,"High","High","High","High"
"838",20393,"Rannoch River","Calculated",449078,"Y",2015,"High","High","High","High"
"839",23200,"Water of Cruden - d/s Hatton WWTP","Calculated",460473,"Y",2018,"High","Good","High","High"
"840",3004,"Gogar Burn (Union Canal to River Almond)","Calculated",474729,"Y",2018,"High","Moderate","High","High"
"841",20275,"Allt Breineag","Calculated",478547,"Y",2017,"High","High","High","High"
"842",6884,"Duddo Burn","Calculated",494992,"Y",2017,"High","High","High","High"
"843",23014,"River Findhorn - Garbole to Coignafearn Lodge","Calculated",510787,"Y",2018,"High","High","High","Medium"
"844",23059,"Water of Philorth / Water of Tyrie","Calculated",523306,"Y",2017,"High","Good","High","Medium"
"845",20558,"River Inver - sea to Loch Assynt","Calculated",528088,"Y",2018,"High","High","High","High"
"846",10340,"Mingary Burn","Calculated",528766,"Y",2018,"High","Good","High","Medium"
"847",20236,"Abhainn Gleann nam Fiadh","Calculated",552216,"Y",2018,"High","Good","High","Medium"
